Variable,Count
skip_video_for_run_all,0
fps,4
use_manual_settings,1
image_path,13
mp4_path,7
render_steps,1
path_name_modifier,5
skip_disconnect_for_run_all,0
max_frames,84
override_settings_with_file,0
settings_file,3
custom_settings_file,2
W,86
H,96
bit_depth_output,33
seed,47
sampler,38
steps,156
scale,175
ddim_eta,27
save_samples,7
save_settings,3
display_samples,6
save_sample_per_step,5
show_sample_per_step,4
prompt_weighting,2
normalize_prompt_weights,5
log_weighted_subprompts,3
n_batch,4
batch_name,1
filename_format,2
seed_behavior,6
seed_iter_N,1
make_grid,22
grid_rows,2
use_init,14
strength,14
init_image,32
use_mask,14
mask_file,7
invert_mask,5
mask_brightness_adjust,7
mask_contrast_adjust,7
overlay_mask,8
mask_overlay_blur,2
mean_scale,1
var_scale,1
exposure_scale,2
exposure_target,2
colormatch_scale,3
colormatch_image,15
colormatch_n_colors,3
ignore_sat_weight,6
clip_name,6
clip_scale,3
aesthetics_scale,4
cutn,7
cut_pow,6
init_mse_scale,6
init_mse_image,20
blue_scale,1
gradient_wrt,15
gradient_add_to,10
decode_method,9
grad_threshold_type,2
clamp_grad_threshold,2
clamp_start,2
clamp_stop,2
grad_inject_timing,1
cond_uncond_sync,7
animation_mode,12
border,35
angle,19
zoom,4
translation_x,4
translation_y,4
translation_z,2
rotation_3d_x,2
rotation_3d_y,2
rotation_3d_z,2
flip_2d_perspective,2
perspective_flip_theta,4
perspective_flip_phi,4
perspective_flip_gamma,4
perspective_flip_fv,4
noise_schedule,35
strength_schedule,2
contrast_schedule,2
hybrid_video_comp_alpha_schedule,1
hybrid_video_comp_mask_blend_alpha_schedule,1
hybrid_video_comp_mask_contrast_schedule,1
hybrid_video_comp_mask_auto_contrast_cutoff_high_schedule,1
hybrid_video_comp_mask_auto_contrast_cutoff_low_schedule,1
kernel_schedule,1
sigma_schedule,1
amount_schedule,1
threshold_schedule,1
color_coherence,5
color_coherence_video_every_N_frames,1
diffusion_cadence,2
use_depth_warping,3
midas_weight,5
fov,23
padding_mode,6
sampling_mode,2
save_depth_maps,6
video_init_path,4
extract_nth_frame,7
overwrite_extracted_frames,5
use_mask_video,3
video_mask_path,2
hybrid_video_generate_inputframes,1
hybrid_video_use_first_frame_as_init_image,1
hybrid_video_motion,22
hybrid_video_flow_method,2
hybrid_video_composite,5
hybrid_video_comp_mask_type,7
hybrid_video_comp_mask_inverse,1
hybrid_video_comp_mask_equalize,2
hybrid_video_comp_mask_auto_contrast,1
hybrid_video_comp_save_extra_frames,6
hybrid_video_use_video_as_mse_image,2
interpolate_key_frames,2
interpolate_x_frames,3
resume_from_timestring,4
resume_timestring,3
models_path,33
configs_path,1
output_path,13
mount_google_drive,1
models_path_gdrive,1
output_path_gdrive,1
map_location,20
model_config,3
model_checkpoint,11
custom_config_path,1
custom_checkpoint_path,1
